,response_time,waiting_time,vehicle_density,trigger_density,info_value
1,90145.94319002889,99900.0,0.0002938796024191848,0.0003111479137446554,0.23397833359904063
2,92073.64300387073,99900.0,0.00037902749697334875,0.00042104440194960915,0.23446975284218852
3,91788.83086484711,99900.0,0.0003872239765425814,0.00044062045994991227,0.23449664394408037
4,91541.77264159678,99900.0,0.00037855003214407306,0.0004171451058438577,0.2344632041416988
5,90665.25194820075,99900.0,0.000330007774501045,0.0003539605934363753,0.23420400292476062
6,90845.33086535375,99900.0,0.00026809650163829774,0.0002825796014596602,0.2336194275350466
7,87449.43890343391,99900.0,0.00018119790271012287,0.00019830705909250161,0.23178095789782988
8,87969.7327390862,99900.0,0.0001160239535139917,0.0001230267710100351,0.22763898300430907
