,response_time,waiting_time,vehicle_density,trigger_density,info_value
1,89257.66740648377,99900.0,0.0002924472079313577,0.00030605495556571477,0.2339611569593616
2,90458.56686783099,99900.0,0.00043043454359203097,0.00043823313580353384,0.23461984927408094
3,89932.74940022881,99900.0,0.0004267739799009174,0.00044189369949464743,0.23461352271331615
4,89763.18296857161,99900.0,0.00042573947277082006,0.00043489088199860404,0.2346218331633924
5,89736.03187069554,99900.0,0.0003834042579083759,0.00039733031542891676,0.2344821398908724
6,76381.22802536718,86506.25,0.00035610918516811583,0.00035825777689985647,0.23572358430817325
7,89406.71609494434,99900.0,0.00034409298696467773,0.0003470373534118778,0.23423682989194738
8,90384.69707247315,99900.0,0.00032006059055780155,0.00032507397126519625,0.23358327913964944
9,41440.86956521739,52500.0,0.00030939720937064457,0.00030939720937064457,0.2390569587673143
