,response_time,waiting_time,vehicle_density,trigger_density,info_value
1,91312.81219706242,99900.0,0.000390884540233695,0.00042908172657574986,0.22438988769202492
2,85911.52721137839,99900.0,0.0005312592000407466,0.0006035155442044672,0.22856889527584534
3,86105.39450607129,95062.5,0.00043926764293363116,0.00048001130836515635,0.22488593360084674
4,84614.16018994676,99900.0,0.00039979721704684113,0.0004274901771448309,0.22334176031851866
5,78365.49069767442,94787.5,0.00037305918660740273,0.00041221130260800896,0.22158609040218158
6,84081.4954936777,89350.0,0.000395340878640268,0.0004099831334047224,0.2191527812744727
7,88696.23170731707,99900.0,0.0005678648369518825,0.0006187944187412891,0.2300167188364781
8,47716.64697433046,55512.5,0.0002998479127851308,0.00031321692800485,0.17710677987260087
9,43236.166502388354,53100.0,0.0005856901905781749,0.0005856901905781749,0.23546497192809462
