,response_time,waiting_time,vehicle_density,trigger_density,info_value
1,89965.88177827837,99900.0,0.00018763870431337299,0.00018865331707558383,0.23520060298033957
2,89751.07469849932,99900.0,0.00017430947782942673,0.00017649288470496867,0.23519871498054634
3,89690.09746805101,99900.0,0.00015421119267210333,0.00015659851681848176,0.2351948811829117
4,89595.65781547705,99900.0,0.00013205384043852854,0.00013449090050462318,0.23518840419108328
5,90123.05517473596,99900.0,0.00010778271161701451,0.00011018993013127941,0.235175928134285
6,89795.57251703311,99900.0,8.560049142358159e-05,8.75949018042019e-05,0.23515247803519854
7,89661.18049732145,99900.0,6.893398472667718e-05,7.040119435830559e-05,0.2351107429618003
8,89304.60957908959,99900.0,5.5942962496801214e-05,5.717143971379178e-05,0.2350206492173776
