,response_time,waiting_time,vehicle_density,trigger_density,info_value
1,9688.24176534733,9900.0,5.108376314052679e-05,0.00019151313245926633,0.2466325853714224
2,9771.900916152561,9900.0,5.134736351502274e-05,0.0003481340304416204,0.24698755242298776
3,9777.293297379521,9900.0,5.221525531407073e-05,0.0003749367175766899,0.24801982978635612
4,9770.684741898142,9900.0,5.077291364230043e-05,0.0004026719532064385,0.2462818232030199
5,9768.47058137971,9900.0,5.18894850399295e-05,0.0004150139216840178,0.24763418888359023
6,9774.268180271269,9900.0,5.2095889106751807e-05,0.00042483427903198493,0.24787945985399645
7,9824.734360025539,9900.0,5.099672528102341e-05,0.0004443282727647563,0.24656644899054314
8,9784.236721482815,9900.0,5.1568688357759904e-05,0.0004529425340596051,0.24724786150790196
