,response_time,waiting_time,vehicle_density,trigger_density,info_value
1,90279.63210033398,99900.0,0.0001843710543880175,0.0001875093909221108,0.2352001788654698
2,90244.8453859313,99900.0,0.00017128056031870913,0.00017444376481266056,0.23519822964955897
3,89845.82234414917,99900.0,0.00015219191433162493,0.00015546951144092367,0.23519443160224052
4,89875.38327619617,99900.0,0.00013119340902743797,0.0001338343863643691,0.23518806052432378
5,89901.49300796093,99900.0,0.00011236338982287811,0.00011424838118012275,0.23517801356649282
6,90084.59092410965,99900.0,9.419485835054393e-05,9.603508738004398e-05,0.23515919332303273
7,89963.39434041515,99900.0,7.858772674359496e-05,8.003006841536526e-05,0.23512591794242163
8,89855.05465899107,99900.0,6.452738223982032e-05,6.577575382469737e-05,0.23506001118854344
