,response_time,waiting_time,vehicle_density,trigger_density,info_value
1,8890.12215572821,9900.0,0.0001672821032230235,0.00016871682908208723,0.28521646574640414
2,9128.683982022067,9900.0,0.0002558333335085188,0.0002866515744616764,0.28522649294477104
3,9157.312924524722,9900.0,0.00026142831362709496,0.00029698794197669925,0.2852268100111388
4,9149.400328473035,9900.0,0.00026199872245634035,0.00030042096383511114,0.2852268411797391
5,9152.558185084035,9900.0,0.00026262974693773986,0.0003015751480220256,0.2852268755382953
6,9157.710010011428,9900.0,0.00026238712890437415,0.0003018595753129027,0.2852268623287208
7,9155.145160269438,9900.0,0.0002623434545498734,0.0003019947948446312,0.2852268597267019
8,9158.359060264349,9900.0,0.00026270761473704555,0.0003017849714333284,0.28522687968513255
