,response_time,waiting_time,vehicle_density,trigger_density,info_value
1,94032.25528465542,99900.0,0.0001257721937783703,0.0003132766111085095,0.2347912237939065
2,95987.43342525185,99900.0,0.00012597113745723516,0.00036931904544474313,0.23479252772674375
3,97390.94717182597,99900.0,0.00012700564458733248,0.00034592326881023453,0.23479928178931486
4,96876.25519986599,99900.0,0.00012475758101615947,0.0002888264329760171,0.23478437787051654
5,96477.93859938116,99900.0,0.00012237025686978104,0.00023383840013776723,0.23476750875890345
6,95832.00364140786,99900.0,0.00012020177077015396,0.00020065459450310707,0.23475079923804365
7,94915.28011228068,99900.0,0.00011568574925992143,0.00017801480384828494,0.2347102315695413
8,93982.96295962858,99900.0,0.00011138856579644026,0.0001622783588500738,0.23464936614383747
