,response_time,waiting_time,vehicle_density,trigger_density,info_value
1,7291.1075717437325,8477.9296875,0.000293073880519782,0.0002980474724914038,0.2661642695988932
2,8624.64415638503,9831.25,0.0004535418518921855,0.00046449370141369656,0.275853110629237
3,6128.086057546694,7210.9375,0.0005145578782000409,0.0005176116636706166,0.28192602195424166
4,6225.407792560984,7289.0625,0.0005447475814677848,0.0005501787439007957,0.2825422366857056
5,8225.095728803884,9266.40625,0.0005558585859323877,0.0005611902765259662,0.27992257646421737
6,8750.936231838528,9750.0,0.0005874607893200722,0.0005924642228435237,0.27978170220969745
7,5205.705985624324,6256.25,0.0006338842967831895,0.0006354261102943922,0.28595859419590486
8,7098.382848388289,8159.765625,0.000659448559517325,0.0006654666058029874,0.2833816125201168
9,4954.834630429612,6062.5,0.0006426676602050734,0.0006426676602050734,0.2862795879402444
