,response_time,waiting_time,vehicle_density,trigger_density,info_value
1,87800.73381597985,99900.0,0.00030533875832180124,0.0003122818927141852,0.23514076081523555
2,89334.980472111,99900.0,0.00034421235317199663,0.00035423911458678603,0.23515601057906985
3,87861.49813294789,99900.0,0.000321632245620834,0.00032919210541769905,0.23514771333215437
4,88913.58642678714,99900.0,0.0002601785432194759,0.0002702251990021518,0.23511323298589198
5,89291.04327247138,99900.0,0.00021207396166995055,0.000216709349387502,0.23505643451543048
6,89768.11745456739,99900.0,0.00017968593075074984,0.00018497783260855536,0.23498294674145914
7,89465.11685877916,99900.0,0.0001526892735287871,0.00015593205549428447,0.23485379390054695
8,88254.82428833091,99900.0,0.00012875634896134333,0.0001333718423110083,0.23463211606062964
