,response_time,waiting_time,vehicle_density,trigger_density,info_value
1,9794.360165453916,9900.0,1.3125309213109745e-05,0.000221594038402631,0.24834211428202138
2,9797.135507404182,9900.0,1.3181883821786942e-05,0.00037712447634520693,0.2485848991068551
3,9810.542599867105,9900.0,1.3089250671315488e-05,0.00039354665533650554,0.24818108475150413
4,9841.102453659263,9900.0,1.2910823059333558e-05,0.00040130856730721766,0.24733572052460706
5,9793.648597153942,9900.0,1.3051948731528323e-05,0.00040842080382663676,0.2480065452638281
6,9748.469711817654,9900.0,1.3114740330170049e-05,0.00041944974402370795,0.2482643151447189
7,9825.891707361388,9900.0,1.3097954457265825e-05,0.00042879077144541,0.24822065766857748
8,9731.748318879303,9900.0,1.3125309213109745e-05,0.0004364507247807039,0.2483414765357243
