,response_time,waiting_time,vehicle_density,trigger_density,info_value
1,89615.89543662338,99900.0,0.00031520636479349874,0.00032626763333838546,0.23412039482480618
2,90151.20340286908,99900.0,0.00044340567145402044,0.00045414863011272337,0.23465991594112923
3,90288.56727536651,99900.0,0.0004598782080640316,0.0004697458145357291,0.23470173494587854
4,90403.56748294825,99900.0,0.0004317873606083121,0.00043974510776290685,0.234638090323731
5,86876.17916515634,96775.0,0.00039661411818500323,0.00040449228786805204,0.23481595892263923
6,89759.1629742943,99900.0,0.000380221159046538,0.0003858711595263003,0.23434662916375087
7,89513.17048592403,99900.0,0.000366533833940635,0.00037329791902204057,0.2340787272084977
8,89775.40976708053,99900.0,0.00035475636815183477,0.0003674091861276404,0.23305697305154566
