,response_time,waiting_time,vehicle_density,trigger_density,info_value
1,8858.229385575165,9900.0,0.0002170027913138277,0.00021849300380832485,0.2850672769333724
2,8834.88637267207,9900.0,0.0003711319197183992,0.00037324320951035263,0.28517703295321106
3,8869.965778546211,9900.0,0.00038785375762598795,0.00038942603438801686,0.2851818473495774
4,8864.157206079226,9900.0,0.00039637849426534764,0.00039867318526125463,0.285184063544879
5,8380.0326090653,9800.0,0.00040406891085146776,0.00040629210646278265,0.2853200972877403
6,8869.575046868104,9900.0,0.0004116101196784392,0.0004137294915573465,0.2851876867052687
7,8859.620615351676,9900.0,0.0004211295747121232,0.00042340996663111177,0.28518974647528006
8,8816.454542895292,9884.5703125,0.00043121291073558974,0.0004334348629489118,0.2852147624524746
