,response_time,waiting_time,vehicle_density,trigger_density,info_value
1,87028.15418171085,99900.0,0.00029988770152090385,0.00030806428672224993,0.23513808072858
2,88269.66801009807,99900.0,0.00033945759924712624,0.0003493649944545968,0.23515438297077373
3,89555.90334501996,99900.0,0.0003169570691675096,0.00032545196425503946,0.23514579979911837
4,89383.3962078768,99900.0,0.000260795268623957,0.00027104086808549775,0.2351142443487068
5,88574.07220503816,99900.0,0.00020574755268204772,0.0002126310039707722,0.23505321233148208
6,90123.14478549125,99900.0,0.0001532662101974952,0.0001592544149313278,0.23491625554073514
7,87669.8247657408,97606.25,0.00011930652421526205,0.00012314613721735402,0.23492185940901064
8,89261.80530784604,99900.0,8.663997214565053e-05,9.127535986320199e-05,0.2340979582131192
