,response_time,waiting_time,vehicle_density,trigger_density,info_value
1,8726.46962473118,9762.5,0.00019104312801794808,0.0001930872743182846,0.2820384816404867
2,6446.358889332544,7481.25,0.0003480718605419751,0.0003493898624144549,0.287856670046408
3,8724.485528428046,9809.375,0.00038882049956547195,0.0003909293025614396,0.2845336508783537
4,6621.999324659539,7750.0,0.0004049225035735973,0.000406359871653396,0.287669707877649
5,8803.157994550385,9869.53125,0.0004175977027132753,0.0004196194678497395,0.2845517644461525
6,7851.898977255512,8900.0,0.00042834563496394986,0.0004296661236324154,0.28602943484313303
7,8673.603433274597,9794.7265625,0.00043677587335584866,0.00044093876983609606,0.2847313497232872
8,8508.77074965967,9604.1015625,0.00044146845738107375,0.0004439005438551968,0.28503189014642893
9,5414.625402452701,6450.0,0.0004844676467717294,0.0004844676467717294,0.28973854805788457
