,response_time,waiting_time,vehicle_density,trigger_density,info_value
1,9800.0,9900.0,3.257858166161346e-06,0.00016913352283445967,0.2479155426482041
2,9800.0,9900.0,3.2960926544431883e-06,0.0002860513240806013,0.24860385734800028
3,9800.0,9900.0,3.200195584240357e-06,0.0002967644411874745,0.24681360852995476
4,9800.0,9900.0,3.312101403601846e-06,0.0002999605957282379,0.24889887298327218
5,9800.0,9900.0,3.257702741412233e-06,0.00030116063021614074,0.2479074773809729
6,9800.0,9900.0,3.2650077046205525e-06,0.00030176771928617683,0.24804930331832795
7,9800.0,9900.0,3.3155207480823356e-06,0.0003018127924634197,0.2488945053695352
8,9800.0,9900.0,3.259567838401591e-06,0.0003014722568381127,0.24794750116730774
