,response_time,waiting_time,vehicle_density,trigger_density,info_value
1,9512.76273344046,9900.0,0.00012142589609416935,0.00021879266272461506,0.28470356075002745
2,9639.663685871985,9900.0,0.00012626706617954665,0.0003758313424325853,0.2847433194230977
3,9668.35807656081,9900.0,0.0001272605411758781,0.0003875783449705594,0.2847508583313886
4,9651.29373919264,9900.0,0.00012646849665439732,0.0003964419075629858,0.2847449107539922
5,9665.921861534538,9900.0,0.0001264454937915286,0.0004016498800562702,0.2847447214790706
6,9646.905835841877,9900.0,0.00012776473906200126,0.00040877082036163965,0.2847547369218275
7,9673.061093114626,9900.0,0.00012725432418591356,0.0004199004757961362,0.28475090057963837
8,9685.007992802579,9900.0,0.00012752103305539177,0.00043154738479568133,0.2847529330725306
