,response_time,waiting_time,vehicle_density,trigger_density,info_value
1,98913.32658351903,99900.0,3.250739712651962e-05,0.00018857373960403788,0.23481830003207832
2,98875.66297897132,99900.0,3.250739712651962e-05,0.0001742497947257673,0.2348182751163512
3,98726.83445072753,99900.0,3.237311014328583e-05,0.00015200291783670333,0.23481500536233113
4,98472.43875962598,99900.0,3.213437772864799e-05,0.0001259512430893487,0.23480911178156094
5,98127.80244515286,99900.0,3.176135833077636e-05,0.00010060084480999272,0.23479960410962117
6,97444.07142738816,99900.0,3.1482837180365547e-05,7.772232174053277e-05,0.23479221201938147
7,96547.70412702658,99900.0,3.0562722665615524e-05,6.350282229366624e-05,0.234766425351963
8,95780.94307755993,99900.0,2.9896261341418216e-05,5.2232662885971406e-05,0.23474559070621892
