,response_time,waiting_time,vehicle_density,trigger_density,info_value
1,7467.636665010588,8505.078125,0.0003103521390291959,0.00031518647042561227,0.2678242242230188
2,8879.50839639327,9900.0,0.00046040540881302347,0.0004675474868842723,0.27602615089203086
3,5564.927642509387,6569.53125,0.0004838807629190781,0.0004886653583957782,0.2821664710307421
4,8808.823498775499,9900.0,0.00048743190758681595,0.0005025814687323757,0.277091747552482
5,8170.139871917812,9605.078125,0.0005261861362296925,0.0005335271579798061,0.27857023349416243
6,7643.070011377864,8689.0625,0.0005405697642116226,0.0005471746943499362,0.28041946622328867
7,8452.877446280607,9619.53125,0.0005588228467474743,0.0005674371080423231,0.2792103964882332
8,8757.138958053732,9871.6796875,0.0005720724957598745,0.0005818008416563667,0.27911358182258617
9,3848.095287298037,4800.0,0.000539853566967709,0.000539853566967709,0.28638799459051945
