,response_time,waiting_time,vehicle_density,trigger_density,info_value
1,9749.393662905004,9900.0,3.216250960823748e-05,0.00016924511780432293,0.2847612955536819
2,9782.068959213633,9900.0,3.234326859145611e-05,0.00028711007747156023,0.28476650749238597
3,9786.04559234251,9900.0,3.247848812318457e-05,0.00029804716164190555,0.28477043982014194
4,9792.696978197491,9900.0,3.246356734726971e-05,0.00030117259792182246,0.2847700225975734
5,9789.428692550224,9900.0,3.240435051785759e-05,0.00030262271083104843,0.284768289961159
6,9789.73385163513,9900.0,3.2191107762074306e-05,0.0003034971304695592,0.284762137633374
7,9782.676046802073,9900.0,3.238181392923617e-05,0.0003035728223223773,0.28476766821018606
8,9789.576109503656,9900.0,3.2235092966073335e-05,0.000303318392008079,0.2847633950619567
