,response_time,waiting_time,vehicle_density,trigger_density,info_value
1,8723.352724355846,9712.5,0.00020357906658242063,0.00020578236782584905,0.28250057456887395
2,8944.154314953881,9900.0,0.0003352176120913188,0.0003488949900132785,0.2841207737769047
3,8979.391740659503,9900.0,0.00035998858690598073,0.00037713504522814665,0.2842688680066157
4,9005.286077437555,9900.0,0.0003785301377761866,0.00040745157509116693,0.28436075649622217
5,9034.901809516152,9900.0,0.0003890045224684219,0.0004266769948574708,0.28440553312400135
6,9081.024195389116,9900.0,0.0003975541270676397,0.0004363754992021331,0.28444116262328256
7,9132.014495103842,9900.0,0.0004057356858609575,0.00045198263080908213,0.2844733038957027
8,9150.653746647755,9900.0,0.000412079502420761,0.00046827611810811487,0.28449615269519873
