,response_time,waiting_time,vehicle_density,trigger_density,info_value
1,9452.438433680614,9900.0,0.00019049851969705545,0.0003026530186571255,0.2421040526442781
2,9599.562200590462,9900.0,0.00019776991115956645,0.00048147354440481317,0.2445940629667855
3,9646.811640062611,9900.0,0.00020172889036897736,0.0005109470504286436,0.2458621012206984
4,9613.225419473605,9900.0,0.00019717308012297185,0.000502919672986446,0.24440133860413588
5,9627.936227593069,9900.0,0.00019927193593499622,0.0005163981072295409,0.24508380806177976
6,9661.266250347526,9900.0,0.0002025843481880963,0.0005612101708938528,0.24613253604836693
7,9711.327846915996,9900.0,0.0002027037143954152,0.0006064599106516673,0.2461538119772772
8,9663.048620864567,9900.0,0.0002010723762287233,0.0006270605285981245,0.2456508727583207
